{
	"Id": "6f9a690f-ff88-4919-9319-fe801b69019a",
	"AppName": "Торговое место",
	"Name": "Переработка",
	"Categories": [ "Дополнительный документ", "Дополнительный отчет" ],
	"Description": "Документ для переработки одних товаров в другие",
	"Version": "1.8",
	"MinAppVersion": "1.9",
	"ChangeLog": [
		"1.8", "Изменения для соответствия версии 1.9",
		"1.7",
		"Обновлен в связи с новым способом передачи данных в 'Печать ценников'",
		"1.6",
		"В отчет добавлено отображение данных по документам 'Производство'"
	]
}
