﻿{
	"Id": "4f85a9d5-9a01-468b-8ffe-d18bf4747473",
	"AppName": "Торговое место",
	"Name": "Экспорт товаров для Меркурия",
	"Categories": [ "Дополнительная обработка" ],
	"Description": "Экспорт товаров, штрих-кодов и цен в CSV для автономных аппаратов серии Меркурий",
	"Version": "1.2",
	"MinAppVersion": "1.9",
	"ChangeLog": [
		"1.2", "Только товары с ненулевыми ценами",
		"1.1", "Только товары с ценами",
		"1.0", "Начальная версия"
	]
}
