{
    "Id": "d826e5a3-1fae-418e-8963-5df57c8a617b",
    "AppName": "Торговое место",
    "Name": "58мм Товарный чек",
    "Categories": [ "Печатные формы" ],
    "Description": "Форма товарного чека для принтеров с шириной ленты 58мм",
    "Version": "1.3",
    "MinAppVersion": "1.8",
    "IncompatibleIds": [
        "22f2bdb0-b015-439b-b5cb-86445bc5f78a", "2cf41d8a-9ef0-4973-93bb-b97274df0ffc", "c5eecad0-5ce2-438e-a8cf-c8000c11f224"
    ],
	"ChangeLog": [
		"1.2", "В заголовок добавлен тип чека",
		"1.3", "Исправление для вывода скидок и бонусов"
	]
}
