{
    "Id": "a1a98be6-0efa-4c8b-8a01-e66cfc8a5345",
    "AppName": "Торговое место",
    "Name": "Ремонт товаров",
    "Categories": [ "Дополнительный документ", "Дополнительный отчет", "Дополнительный журнал" ],
    "Description": "Учет товаров в ремонте принимаемых от клиентов",
    "Version": "1.1",
    "MinVersion": "2.1.1805",
    "MinAppVersion": "1.8"
}
