{
	"Id": "f7dbd9a8-89bd-4ae2-b4af-5db26839cc01",
	"AppName": "Торговое место",
	"Name": "Ценообразование. Количество прихода",
	"Categories": [ "Дополнительный реквизит", "Отображение данных" ],
	"Description": "Добавляет колонку 'Кол-во прихода' в табличную часть и печатную форму 'Ценообразования'",
	"Version": "1.1",
	"MinAppVersion": "1.9.200210",
	"ChangeLog": [
		"1.1", "Добавлена колонка Себестоимость"
	]

}
