{
	"Id": "ef9c3e02-6fa0-448c-b393-a09be30c388a",
	"AppName": "Торговое место",
	"Name": "Отчеты в ценах продажи",
	"Categories": [ "Печатные формы", "Отображение данных" ],
	"Description": "Отчет по остаткам товаров и печать некоторых документов в ценах продажи",
	"Version": "1.3",
	"MinAppVersion": "1.8",
	"ChangeLog": [
		"1.3",
		"Отчет 'Остатки в ценах продажи' добавляются в интерфейс 'Кассир-оператор прихода'"
	]
}
