{
	"Id": "e21999be-f66d-42a5-bfe3-1ead4c4ea65b",
	"AppName": "Торговое место",
	"Name": "Ценообразование. Приоритет Старой цены",
	"Categories": [ "Управление ценами" ],
	"Description": "При Ценообразовании в качестве Цены продажи предлагается Старая цена (игнорируется Процент наценки из прошлого документа)",
	"Version": "1.0",
	"MinAppVersion": "1.9.200429",
	"ChangeLog": [
	]
}
