{
	"Id": "fb97a16d-7881-4265-a5d0-85c8ab4736e4",
	"AppName": "Торговое место",
	"Name": "Заказ товаров",
    "Categories": [ "Дополнительный отчет" ],
	"Description": "Анализ продаж, остатков, расчет потребности и составление заказа товаров поставщику (требуется платная лицензия)",
	"Version": "1.2",
	"MinAppVersion": "1.9",
	"ChangeLog": [
		"1.2", "Изменения для соответствия версии 1.9",
		"1.1", "Вывод артикула если установлен"
	]
}
