{
    "Id": "c89c7198-091b-4fc3-aabc-57d05707e3ae",
    "AppName": "Торговое место",
    "Name": "Вложения для документов",
    "Categories": [ "Дополнительный реквизит" ],
    "Description": "Добавляет возможность прикреплять файлы к документам",
    "Version": "1.0",
    "MinAppVersion": "1.9",
	"ChangeLog": [
		"1.0", "Вложения для Прихода товаров и для Расхода товаров"
	]
}