{
	"Id": "804a080c-b113-4696-94f8-c2ff2bdb1fb8",
	"AppName": "Торговое место",
	"Name": "Количество с двумя знаками",
    "Categories": [ "Печатные формы", "Отображение данных" ],
	"Description": "Делает дробные значения для количества товаров с точностью 2 знака",
	"Version": "1.0",
	"MinAppVersion": "1.7",
    "IncompatibleIds": [
        "71dea356-f699-4452-b4c0-4131d6d36689"
	]
}